"locale","en_US","it_IT","ru_RU","pt_BR"
"Repairing of some critical component has failed.","Repairing of some critical component has failed.","La riparazione di un componente critico non è riuscita","Не удалось восстановить какой-то важный компонент.","O reparo de um componente crítico falhou."
"A fatal error occurred:","A fatal error occurred:","Si è verificato un errore fatale:","Произошла фатальная ошибка:","Um erro fatal ocorreu:"
"New game found","New game found","Nuova partita trovata","Найдена новая игра","Nova partida encontrada"
"No games
Wait longer or host your own","No games
Wait longer or host your own","Nessuna partita
Aspetta più a lungo o crea tu una partita","Нет игр
Подождите дольше или создайте свою","Nenhuma partida
Aguarde ou crie sua própria"
"No games on local network
Wait longer or host your own","No games on local network
Wait longer or host your own","Nessuna partita sulla rete locale
Aspetta più a lungo o crea tu una partita","Нет игр в локальной сети
Подождите дольше или создайте свою","Nenhuma partida na rede local
Aguarde ou crie sua própria"
"Connecting to host...","Connecting to host...","Connessione all'host…","Подключение к хосту...","Conectando-se ao host…"
"Joining the game...","Joining the game...","Connessione in corso…","Присоединение к игре...","Juntando-se à partida…"
"ms","ms","ms","мс","ms"
"Failed to open data store:","Failed to open data store:","Impossibile aprire l'archivio dati:","Не удалось открыть хранилище данных:","Falha ao abrir armazenamento de dados:"
"Failed to load private key:","Failed to load private key:","Impossibile caricare la chiave privata:","Не удалось загрузить закрытый ключ:","Falha ao carregar chave privada:"
"Envelope signature is not valid","Envelope signature is not valid","La firma del pacchetto non è valida","Подпись контакта недействительна","Assinatura de envelope invalida"
"Can not dial self","Can not dial self","Non è possibile chiamare se stessi","Нельзя звонить самому себе","Não é possível conectar a si mesmo"
"Already connected","Already connected","Già connesso","Уже подключен","Já conectado"
"Already in dial queue","Already in dial queue","Già in coda di chiamata","Уже в очереди на набор номера","Já em fila de conexão"
"Server","Server","Server","Сервер","Servidor"
"Waiting for the server to start...","Waiting for the server to start...","In attesa dell'avvio del server…","Ждём запуска сервера…","Aguardando o servidor ser iniciado…"
"Waiting for the end of the game...","Waiting for the end of the game...","Aspettando la fine della partita…","Ждём окончания игры...","Aguardando o fim do jogo…"
"The client exited unexpectedly","The client exited unexpectedly","Il client è uscito inaspettatamente","Клиент неожиданно завершился","O cliente fechou inesperadamente"
"Show command to run manually","Show command to run manually","Mostra il comando da eseguire manualmente","Отобразить команду для запуска вручную","Mostrar comando para executar manualmente"
"Restart the client","Restart the client","Riavviare il client","Перезапустить клиент","Reiniciar Cliente"
"Leave","Leave","Esci","Покинуть игру","Sair"
"Run the command in the terminal or paste it into a bat file","Run the command in the terminal or paste it into a bat file","Esegui il comando nel terminale o incollalo in un file bat","Запустите команду в терминале или вставьте её в bat-файл","Executar comando no terminal ou colar-lo em um arquivo bat"
"Game","Game","Partita","Игра","Jogo"
"An error occurred when stopping the client:","An error occurred when stopping the client:","Si è verificato un errore durante l'arresto del client:","Произошла ошибка при остановке клиента:","Um erro ocorreu ao fechar o cliente:"
"An error occurred when stopping the server:","An error occurred when stopping the server:","Si è verificato un errore durante l'arresto del server:","Произошла ошибка при остановке сервера:","Um erro ocorreu ao fechar o servidor:"
"An input delay of {delay}ms is set.","An input delay of {delay}ms is set.","È impostato un ritardo di input di {delay}ms.","Установлена задержка ввода, равная {delay}мс.","Um atraso de input de {delay}ms for configurado."
"Offense","Offense","Attacco","Неистовство","Ataque"
"Defense","Defense","Difesa","Храбрость","Defesa"
"Utility","Utility","Supporto","Хитрость","Utilidade"
"Bot","Bot","Bot","Бот","Bot"
"An error occurred while unhandling the protocol: %e","An error occurred while unhandling the protocol: %e","Si è verificato un errore durante la gestione del protocollo: %e","Произошла ошибка при отключении протокола: %e","Um erro ocorreu enquanto"
"New Page","New Page","Nuova Pagina","Новая страница","Nova página"
"{name} joined the lobby","{name} joined the lobby","{name} si è unito alla lobby","{name} присоединился к лобби","{name} se entrou no saguão"
"web + torrents + mega.nz","web + torrents + mega.nz","web + torrents + mega.nz","веб-сервера + торрентов + mega.nz","web + torrents + mega.nz"
"web + torrents","web + torrents","web + torrents","веб-сервера + торрентов","web + torrents"
"web + mega.nz","web + mega.nz","web + mega.nz","веб-сервера + mega.nz","web + mega.nz"
"web","web","web","веб-сервера","web"
"Player","Player","Giocatore","Игрок","Jogador"
"New player joined","New player joined","Nuovo giocatore si è unito","Присоединился новый игрок","Novo jogardor se juntou"
"Download files from mega.nz","Download files from mega.nz","Scarica file da mega.nz","Скачивать файлы с mega.nz","Baixar arquivos via mega.nz"
"Download and Seed files via BitTorrent","Download and Seed files via BitTorrent","Scarica e distribuisci file tramite BitTorrent","Скачивайть и раздавать файлы через BitTorrent","Baixar arquivos e semear via BitTorrent"
"Connect to other players via Internet","Connect to other players via Internet","Connettiti ad altri giocatori tramite Internet","Подключаться к другим игрокам через Интернет","Conectar a outros jogadores via Internet"
"(Experimental) Search for servers on the global Internet","(Experimental) Search for servers on the global Internet","(Sperimentale) Ricerca di server su Internet globale","(Эксперимент) Поиск серверов в глобальной сети Интернет","(Experimental) Buscar por servidores na Internet"
"(Experimental) Search for servers on the global Internet via BitTorrent","(Experimental) Search for servers on the global Internet via BitTorrent","(Sperimentale) Ricerca di server su Internet globale tramite BitTorrent","(Эксперимент) Поиск серверов в глобальной сети Интернет через BitTorrent","(Experimental) Buscar por servidores na Internet via BitTorrent"
"Download game server updates","Download game server updates","Scarica gli aggiornamenti del server di gioco","Скачивать обновления для игрового сервера","Baixar atualizações de servidor"
"Download launcher updates","Download launcher updates","Scarica gli aggiornamenti del launcher","Скачивать обновления для лаунчера","Baisar atualizaçoes do launcher"
"Set custom UDP port number to use","Set custom UDP port number to use","Imposta il numero di porta UDP personalizzato da utilizzare","Укажите другой номер UDP-порта для использования","Buscar por porta UDP personalizada"
"Select a merge request to test","Select a merge request to test","Scegli una merge request da testare","Выберите запрос на слияние для тестирования","Selecionar Merge Request para testar"
"Set a repository origin","Set a repository origin","Imposta l’origine del repository","Укажите источник репозитория","Definir repositório de origem"
"Install the package with additional levels","Install the package with additional levels","Installa il pacchetto con livelli aggiuntivi","Установить пакет с дополнительными уровнями","Instalar pacote com mapas adicionais"
"(Debug) Download+Unpack+Build missing files","(Debug) Download+Unpack+Build missing files","(Debug) Scarica+Estrai+Crea file mancanti","(Отладка) Загрузка+Распаковка+Сборка недостающих файлов","(Debug) Baixar+Descompactar+Buildar+Criar Arquivos ausentes"
"(Debug) Download missing files","(Debug) Download missing files","(Debug) Scarica i file mancanti","(Отладка) Загрузка недостающих файлов","(Debug) Download missing files"
"(Debug) Unpack missing files","(Debug) Unpack missing files","(Debug) Estrarre i file mancanti","(Отладка) Распаковка недостающих файлов","(Debug) Unpack missing files"
"(Debug) Build missing files","(Debug) Build missing files","(Debug) Compila i file mancanti","(Отладка) Сборка недостающих файлов","(Debug) Build missing files"
"Ask about custom arguments at startup","Ask about custom arguments at startup","Richiedi informazioni sugli argomenti personalizzati all'avvio","Спрашивать об аргументах при запуске","Perguntar sobre argumentos customizados ao inicializar"
"(Internal) Use JSON RPC for I/O","(Internal) Use JSON RPC for I/O","(Interno) Utilizzare JSON RPC per I/O","(Внутренний) Использовать JSON-RPC для ввода-вывода","(Internal) Usar JSON RPC para I/O"
"(Internal) Specify the system locale","(Internal) Specify the system locale","(Interno) Specificare le impostazioni locali del sistema","(Внутренний) Укажите используемый системой язык","(Internal) Specificar a localização do sistema"
"Fetching a list of open requests failed:","Fetching a list of open requests failed:","Impossibile recuperare l’elenco delle richieste aperte:","Не удалось получить список открытых запросов:","Falha ao obter lista de solicitações em aberto:"
"{mr_reference} · created by {mr_author_name}","{mr_reference} · created by {mr_author_name}","{mr_reference} · creato da {mr_author_name}","{mr_reference} · создано {mr_author_name}","{mr_reference} · created by {mr_author_name}"
"Disconnected","Disconnected","Disconnesso","Отключён","Desconectado"
"Connecting...","Connecting...","Connessione in corso…","Подключение…","Conectando…"
"Connected","Connected","Connesso","Подключен","Conectado"
"Connection failed","Connection failed","Connessione fallita","Не удалось установить соединение","Conexão falhou"
"No connections","No connections","Nessuna connessione","Нет соединений","Nenhuma Conexão"
"Parsing the key failed:","Parsing the key failed:","Analisi della chiave non riuscita:","Не удалось выполнить синтаксический анализ ключа:","Parsing da chave falhou:"
"Connecting via key failed:","Connecting via key failed:","Connessione tramite chiave non riuscita:","Не удалось подключиться с помощью ключа:","Conexão via chave falhou:"
"Extracting embedded torrent file failed","Extracting embedded torrent file failed","Impossibile estrarre il file torrent incorporato","Не удалось извлечь вшитый торрент-файл","Falha ao extrair arquivo torrent"
"Checking for updates","Checking for updates","Verifica aggiornamenti in corso…","Не удалось проверить наличие обновлений","Buscando por atualizações"
"No suitable launcher update archive found.","No suitable launcher update archive found.","Non è stato trovato alcun archivio di aggiornamento del launcher adatto.","Не найден подходящий архив для обновления.","Nenhum arquivo de launcher adequado encontrado."
"Latest available version","Latest available version","Ultima versione disponibile","Последняя доступная версия","Versão mais recente"
"Currently running version","Currently running version","Versione in uso","Текущая запущенная версия","Versão atual"
"Already using the latest launcher version.","Already using the latest launcher version.","Stai già usando l’ultima versione del launcher","Уже используется последняя версия лаунчера.","Já utilizando versão mais recente."
"{fbPkg_zipTorrent} exists already","{fbPkg_zipTorrent} exists already","{fbPkg_zipTorrent} esiste già","{fbPkg_zipTorrent} уже существует","{fbPkg_zipTorrent} já existe"
"{fbPkg_zipTorrent} download failed:","{fbPkg_zipTorrent} download failed:","{fbPkg_zipTorrent} download fallito:","Не удалось загрузить {fbPkg_zipTorrent}:","{fbPkg_zipTorrent} download falhou:"
"Update check failed:","Update check failed:","Controllo aggiornamenti non riuscito:","Не удалось проверить обновление:","Verificação de atualização falhou:"
"Official Server #{i_plus_one}","Official Server #{i_plus_one}","Server Ufficiale #{i_plus_one}","Официальный сервер #{i_plus_one}","Servidor Oficial #{i_plus_one}"
"Unknown #ERROR","Unknown #ERROR","Sconosciuto #ERRORE","Неизвестная #ОШИБКА","#ERRO Desconhecido"
"Unknown","Unknown","Sconosciuto","Неизвестно","Desconhecido"
"ERROR","ERROR","ERRORE","ОШИБКА","ERRO"
"Anonymous #{hashtag} (You)","Anonymous #{hashtag} (You)","Anonimo #{hashtag} (Tu)","Аноним #{hashtag} (Вы)","Anônimo #{hashtag} (You)"
"Anonymous #{hashtag}","Anonymous #{hashtag}","Anonimo #{hashtag}","Аноним #{hashtag}","Anônimo #{hashtag}"
"Anonymous","Anonymous","Anonimo","Аноним","Anônimo"
"You","You","Tu","Вы","Você"
"{championName} (Bot)","{championName} (Bot)","{championName} (Bot)","{championName} (Бот)","{championName} (Bot)"
"Checking file existance failed","Checking file existance failed","Impossibile controllare l'esistenza del file","Не удалось проверить существование файла","Falha ao checar existência de arquivo"
"File size mismatch","File size mismatch","Mancata corrispondenza delle dimensioni del file","Несоответствие размера файла","Tamanho de arquivo inesperado"
"Checking file size failed","Checking file size failed","Impossibile controllare le dimensioni del file","Не удалось проверить размер файла","Falha ao verificar tamnho de arquivo"
"Copying file failed","Copying file failed","Impossibile copiare il file","Не удалось скопировать файл","Falha ao copiar arquivo"
"Opening file failed","Opening file failed","Impossibile aprire il file","Не удалось открыть файл","Falha ao abrir arquivo"
"Saving file failed","Saving file failed","Impossibile salvare il file","Не удалось сохранить файл","Falha ao salvar arquivo"
"Changing file mode failed","Changing file mode failed","Impossibile modificare i permessi del file","Не удалось измененить режим файла","Falha ao alterar mode de arquivo"
"Moving file failed","Moving file failed","Impossibile spostare il file","Не удалось переместить файл","Falha ao mover arquivo"
"Removing folder failed","Removing folder failed","Impossibile rimuovere la cartella","Не удалось удалить папку","Falha ao remover pasta"
"Removing file failed","Removing file failed","Impossibile rimuovere il file","Не удалось удалить файл","Falha ao remover arquivo"
"Resizing file failed","Resizing file failed","Impossibile ridimensionare il file","Не удалось измененить размер файла","Falha ao redimensionar arquivo"
"File not found","File not found","File non trovato","Файл не найден","Arquivo não encontrado"
"Code","Code","Codice","Код","Código"
"Reading directory failed","Reading directory failed","Impossibile leggere la directory:","Не удалось прочитать каталог","Falha ao ler diretório"
"Reading file stats failed","Reading file stats failed","Impossibile leggere le informazioni del file:","Не удалось прочитать статистику файла","Falha ao ler arquivo de stats"
"Blind Pick","Blind Pick","Selezione alla cieca","Выбор вслепую","Escolha às cegas"
"Team","Team","Squadra","Команда","Equipe"
"Blue","Blue","Blu","Синий","Azul"
"Purple","Purple","Viola","Фиолетовый","Roxo"
"Neutral","Neutral","Neutrale","Нейтральный","Neutro"
"Lock","Lock","Blocca","Блокировка","Bloquear"
"Unlocked","Unlocked","Scbloccato","Разблокирован","Desbloqueado"
"Locked","Locked","Bloccato","Заблокирован","Bloqueado"
"Player Count","Player Count","Numero giocatori","Количество игроков","Número de Jogadores"
"Tick Rate","Tick Rate","Frequenza tick","Частота обновлений","Tickrate"
"Password","Password","Password","Пароль","Senha"
"undefined","undefined","non definita","не указан","Indefinido"
"Name","Name","Nome","Имя","Nome"
"Rank","Rank","Classifica","Ранг","Ranque"
"BRONZE","BRONZE","BRONZO","Бронзовый","BRONZE"
"GOLD","GOLD","ORO","Золотой","OURO"
"PLATINUM","PLATINUM","PLATINO","Платиновый","PLATINA"
"SILVER","SILVER","ARGENTO","Серебряный","PRATA"
"UNRANKED","UNRANKED","NON CLASSIFICATO","Безранговый","Não Rankeado"
"Features Enabled","Features Enabled","Funzionalità abilitate","Включённые опции","Habilitar configurações extras"
"Enable Cheats","Enable Cheats","Abilita trucchi","Включить читы","Habilitar Cheats"
"Disable Manacosts","Disable Manacosts","Disabilita costi mana","Отключить Стоимости","Desabilitar custos de mana (quando aplicável)"
"Disable Cooldowns","Disable Cooldowns","Disabilita tempi di recupero","Отключить Перезарядки","Desabilitar Cooldowns (quando aplicável)"
"Disable Minions","Disable Minions","Disabilita minion","Отключить Миньонов","Desabilitar Minions"
"Enable Half-Ping Mode","Enable Half-Ping Mode","Abilita modalità Half-Ping","Включить режим полупинга","Habilitar modo ""Meio-Ping"""
"Using built-in list of torrent-trackers","Using built-in list of torrent-trackers","Utilizzo della lista integrata dei tracker torrent","Используется вшитый список торрент-трекеров","Utilizar list padrão de rastreadores torrent"
"Downloading","Downloading","Download in corso","Скачивается","Baixando…"
"Downloading torrent-tracker list failed:
","Downloading torrent-tracker list failed:
","Impossibile scaricare la lista dei tracker torrent:
","Не удалось загрузить список торрент-трекеров:
","Falha ao baixar lista de rastreadores torrent:
"
"Unpacking","Unpacking","Decompressione","Распаковывается","Descompactando"
"Packing","Packing","Compressione","Упаковывается","Compactando"
"Restoring torrent trackers list failed:","Restoring torrent trackers list failed:","Impossibile ripristinare la lista dei tracker torrent:","Не удалось восстановить список торрент-трекеров:","Falha ao restaurar lista de rastreadores torrent"
"Restoring torrent files failed:","Restoring torrent files failed:","Impossibile ripristinare i file torrent:","Не удалось восстановить торрент-файлы:","Falha ao restaurar arquivos torrent"
"Restoring 7z archiver executable failed:","Restoring 7z archiver executable failed:","Impossibile ripristinare l’eseguibile dell’archiviatore 7z:","Не удалось восстановить исполняемый файл архиватора 7z:","Falha ao restaurar executável 7z"
"Restoring Aria2 downloader executable failed:","Restoring Aria2 downloader executable failed:","Impossibile ripristinare l’eseguibile di Aria2:","Не удалось восстановить исполняемый файл скачивателя Aria2:","Falha ao restaurar executável Aria2 Downloader"
"Copying","Copying","Copia","Копируется","Copiando"
"SDK installation is probably corrupted (exit code is {exitCode})","SDK installation is probably corrupted (exit code is {exitCode})","L'installazione dell'SDK è probabilmente danneggiata (il codice di uscita è {exitCode})","Установка SDK, вероятно, повреждена (код завершения – {exitCode})","Instalação do SDK está provavelmente corrompida (Exit code: {exitCode})"
"Moving","Moving","Spostamento","Перемещается","Movendo"
"Failed to seed {pkg_zipName}:","Failed to seed {pkg_zipName}:","Impossibile inizializzare {pkg_zipName}:","Не удалось поставить на раздачу {pkg_zipName}:","Falha ao semear {pkg_zipName}:"
"Moving required file failed","Moving required file failed","Spostamento del file richiesto non riuscito","Не удалось переместить необходимый файл","Falha ao mover arquivo arquivo necessário"
"Moving optional file failed","Moving optional file failed","Spostamento del file opzionale non riuscito","Не удалось переместить необязательный файл","Falha ao mover arquivo opcional"
"Found temporary unpacker file:","Found temporary unpacker file:","Trovato file temporaneo dell’estrattore:","Найден временный файл распаковщика:","Descompactador temporário encontrado:"
"Moving","Moving","Spostamento","Перемещается","Movendo"
"Moving files from","Moving files from","Spostamento dei file da","Перемещение файлов из","Movendo arquivos de"
"Skipping","Skipping","Salta","Пропускается","Ignorando"
"Found temporary downloader file:","Found temporary downloader file:","Trovato file temporaneo del downloader:","Найден временный файл скачивателя:","Arquivo downloader temporário encontrado:"
"Unpacking failed","Unpacking failed","Impossibile decomprimere","Не удалось распаковать","Falha ao descompactar"
"Launcher","Launcher","Launcher","Лаунчер","Launcher"
"Game Client","Game Client","Client di gioco","Игровой клиент","Cliente do Jogo"
"Game Server","Game Server","Server di gioco","Игровой сервер","Servidor do Jogo"
".NET SDK",".NET SDK",".NET SDK",".NET SDK","SKD .NET"
"Git","Git","Git","Git","Git"
"Additional Maps Modpack","Additional Maps Modpack","Modpack mappe aggiuntive","Пакет с дополнительными картами","Modpack de mapa adicionais"
"Installing","Installing","Installazione","Устанавливается","Instalando"
"Updating","Updating","Aggiornamento in corso","Обновляется","Atualizando"
"Switching the branch to {newBranchName}...","Switching the branch to {newBranchName}...","Cambio del ramo in {newBranchName}...","Переключение ветви на {newBranchName}...","Trocando banch para {newBranchName}…"
"The update failed, see the log for details.","The update failed, see the log for details.","L'aggiornamento non è riuscito, vedere log.txt per i dettagli.","Обновление завершилось неудачно, подробности смотрите в журнале.","A atuailzação falhou, cheque os logs para mais detalhes."
"Time synchronization successful. Offset: {offset}. Precision: {precision}","Time synchronization successful. Offset: {offset}. Precision: {precision}","Sincronizzazione dell’orologio riuscita. Scostamento: {offset}. Precisione: {precision}","Синхронизация времени прошла успешно. Смещение: {offset}. Точность: {precision}","Sincronização de tempo bem sucedida. Offset: {offset}. Precisão: {precision}"
"Alistar","Alistar","Alistar","Алистар","Alistar"
"Annie","Annie","Annie","Энни","Annie"
"Ashe","Ashe","Ashe","Эш","Ashe"
"Fiddlesticks","Fiddlesticks","Fiddlesticks","Фиддлстикс","Fiddlesticks"
"Jax","Jax","Jax","Джакс","Jax"
"Kayle","Kayle","Kayle","Кейл","Kayle"
"Master Yi","Master Yi","Master Yi","Мастер Йи","Master Yi"
"Morgana","Morgana","Morgana","Моргана","Morgana"
"Nunu & Willump","Nunu & Willump","Nunu & Willump","Нуну","Nunu & Willump"
"Ryze","Ryze","Ryze","Райз","Ryze"
"Sion","Sion","Sion","Сион","Sion"
"Sivir","Sivir","Sivir","Сивир","Sivir"
"Soraka","Soraka","Soraka","Сорака","Soraka"
"Teemo","Teemo","Teemo","Тимо","Teemo"
"Tristana","Tristana","Tristana","Тристана","Tristana"
"Twisted Fate","Twisted Fate","Twisted Fate","Твистед Фэйт","Twisted Fate"
"Warwick","Warwick","Warwick","Варвик","Warwick"
"Singed","Singed","Singed","Синджед","Singed"
"Zilean","Zilean","Zilean","Зилеан","Zilean"
"Evelynn","Evelynn","Evelynn","Эвелинн","Evelynn"
"Tryndamere","Tryndamere","Tryndamere","Триндамир","Tryndamere"
"Twitch","Twitch","Twitch","Твич","Twitch"
"Karthus","Karthus","Karthus","Картус","Karthus"
"Amumu","Amumu","Amumu","Амуму","Amumu"
"Cho'Gath","Cho'Gath","Cho'Gath","Чо'Гат","Cho'Gath"
"Anivia","Anivia","Anivia","Анивия","Anivia"
"Rammus","Rammus","Rammus","Раммус","Rammus"
"Veigar","Veigar","Veigar","Вейгар","Veigar"
"Kassadin","Kassadin","Kassadin","Кассадин","Kassadin"
"Gangplank","Gangplank","Gangplank","Гангпланк","Gangplank"
"Taric","Taric","Taric","Тарик","Taric"
"Blitzcrank","Blitzcrank","Blitzcrank","Блицкранк","Blitzcrank"
"Dr. Mundo","Dr. Mundo","Dr. Mundo","Доктор Мундо","Dr. Mundo"
"Janna","Janna","Janna","Жанна","Janna"
"Malphite","Malphite","Malphite","Мальфит","Malphite"
"Corki","Corki","Corki","Корки","Corki"
"Katarina","Katarina","Katarina","Катарина","Katarina"
"Nasus","Nasus","Nasus","Насус","Nasus"
"Heimerdinger","Heimerdinger","Heimerdinger","Хеймердингер","Heimerdinger"
"Shaco","Shaco","Shaco","Шако","Shaco"
"Udyr","Udyr","Udyr","Удир","Udyr"
"Nidalee","Nidalee","Nidalee","Нидали","Nidalee"
"Poppy","Poppy","Poppy","Поппи","Poppy"
"Gragas","Gragas","Gragas","Грагас","Gragas"
"Pantheon","Pantheon","Pantheon","Пантеон","Pantheon"
"Mordekaiser","Mordekaiser","Mordekaiser","Мордекайзер","Mordekaiser"
"Ezreal","Ezreal","Ezreal","Эзреаль","Ezreal"
"Shen","Shen","Shen","Шен","Shen"
"Kennen","Kennen","Kennen","Кеннен","Kennen"
"Garen","Garen","Garen","Гарен","Garen"
"Akali","Akali","Akali","Акали","Akali"
"Malzahar","Malzahar","Malzahar","Мальзахар","Malzahar"
"Olaf","Olaf","Olaf","Олаф","Olaf"
"Kog'Maw","Kog'Maw","Kog'Maw","Ког'Мао","Kog'Maw"
"Xin Zhao","Xin Zhao","Xin Zhao","Ксин Жао","Xin Zhao"
"Vladimir","Vladimir","Vladimir","Владимир","Vladimir"
"Galio","Galio","Galio","Галио","Galio"
"Urgot","Urgot","Urgot","Ургот","Urgot"
"Miss Fortune","Miss Fortune","Miss Fortune","Мисс Фортуна","Miss Fortune"
"Sona","Sona","Sona","Сона","Sona"
"Swain","Swain","Swain","Свейн","Swain"
"Lux","Lux","Lux","Люкс","Lux"
"LeBlanc","LeBlanc","LeBlanc","Ле Блан","LeBlanc"
"Irelia","Irelia","Irelia","Ирелия","Irelia"
"Trundle","Trundle","Trundle","Трандл","Trundle"
"Cassiopeia","Cassiopeia","Cassiopeia","Кассиопея","Cassiopeia"
"Caitlyn","Caitlyn","Caitlyn","Кейтлин","Caitlyn"
"Renekton","Renekton","Renekton","Ренектон","Renekton"
"Karma","Karma","Karma","Карма","Karma"
"Maokai","Maokai","Maokai","Маокай","Maokai"
"Jarvan IV","Jarvan IV","Jarvan IV","Джарван IV","Jarvan IV"
"Nocturne","Nocturne","Nocturne","Ноктюрн","Nocturne"
"Lee Sin","Lee Sin","Lee Sin","Ли Син","Lee Sin"
"Brand","Brand","Brand","Брэнд","Brand"
"Rumble","Rumble","Rumble","Рамбл","Rumble"
"Vayne","Vayne","Vayne","Вейн","Vayne"
"Orianna","Orianna","Orianna","Орианна","Orianna"
"Yorick","Yorick","Yorick","Йорик","Yorick"
"Leona","Leona","Leona","Леона","Leona"
"Wukong","Wukong","Wukong","Вуконг","Wukong"
"Skarner","Skarner","Skarner","Скарнер","Skarner"
"Talon","Talon","Talon","Талон","Talon"
"Riven","Riven","Riven","Ривен","Riven"
"Xerath","Xerath","Xerath","Зерат","Xerath"
"Graves","Graves","Graves","Грейвз","Graves"
"Shyvana","Shyvana","Shyvana","Шивана","Shyvana"
"Fizz","Fizz","Fizz","Физз","Fizz"
"Volibear","Volibear","Volibear","Волибир","Volibear"
"Ahri","Ahri","Ahri","Ари","Ahri"
"Viktor","Viktor","Viktor","Виктор","Viktor"
"Sejuani","Sejuani","Sejuani","Седжуани","Sejuani"
"Ziggs","Ziggs","Ziggs","Зиггс","Ziggs"
"Nautilus","Nautilus","Nautilus","Наутилус","Nautilus"
"Fiora","Fiora","Fiora","Фиора","Fiora"
"Lulu","Lulu","Lulu","Лулу","Lulu"
"Hecarim","Hecarim","Hecarim","Гекарим","Hecarim"
"Varus","Varus","Varus","Варус","Varus"
"Darius","Darius","Darius","Дариус","Darius"
"Draven","Draven","Draven","Дрейвен","Draven"
"Jayce","Jayce","Jayce","Джейс","Jayce"
"Zyra","Zyra","Zyra","Зайра","Zyra"
"Diana","Diana","Diana","Диана","Diana"
"Rengar","Rengar","Rengar","Ренгар","Rengar"
"Syndra","Syndra","Syndra","Синдра","Syndra"
"Kha'Zix","Kha'Zix","Kha'Zix","Ка'Зикс","Kha'Zix"
"Elise","Elise","Elise","Элиза","Elise"
"Zed","Zed","Zed","Зед","Zed"
"Nami","Nami","Nami","Нами","Nami"
"Vi","Vi","Vi","Вай","Vi"
"Thresh","Thresh","Thresh","Треш","Thresh"
"Quinn","Quinn","Quinn","Квинн","Quinn"
"Zac","Zac","Zac","Зак","Zac"
"Lissandra","Lissandra","Lissandra","Лиссандра","Lissandra"
"Aatrox","Aatrox","Aatrox","Атрокс","Aatrox"
"Lucian","Lucian","Lucian","Люциан","Lucian"
"Jinx","Jinx","Jinx","Джинкс","Jinx"
"Yasuo","Yasuo","Yasuo","Ясуо","Yasuo"
"Vel'Koz","Vel'Koz","Vel'Koz","Вел'Коз","Vel'Koz"
"Braum","Braum","Braum","Браум","Braum"
"Gnar","Gnar","Gnar","Гнар","Gnar"
"Azir","Azir","Azir","Азир","Azir"
"Kalista","Kalista","Kalista","Калиста","Kalista"
"Rek'Sai","Rek'Sai","Rek'Sai","Рек'Сай","Rek'Sai"
"Bard","Bard","Bard","Бард","Bardo"
"Ekko","Ekko","Ekko","Экко","Ekko"
"Tahm Kench","Tahm Kench","Tahm Kench","Таам Кенч","Tahm Kench"
"Kindred","Kindred","Kindred","Киндред","Kindred"
"Illaoi","Illaoi","Illaoi","Иллаой","Illaoi"
"Jhin","Jhin","Jhin","Джин","Jhin"
"Aurelion Sol","Aurelion Sol","Aurelion Sol","Аурелион Сол","Aurelion Sol"
"Taliyah","Taliyah","Taliyah","Талия","Taliyah"
"Kled","Kled","Kled","Клед","Kled"
"Ivern","Ivern","Ivern","Иверн","Ivern"
"Camille","Camille","Camille","Камилла","Camille"
"Rakan","Rakan","Rakan","Рэйкан","Rakan"
"Xayah","Xayah","Xayah","Шая","Xayah"
"Kayn","Kayn","Kayn","Каин","Kayn"
"Ornn","Ornn","Ornn","Орн","Ornn"
"Zoe","Zoe","Zoe","Зои","Zoe"
"Kai'Sa","Kai'Sa","Kai'Sa","Кай'Са","Kai'Sa"
"Pyke","Pyke","Pyke","Пайк","Pyke"
"Neeko","Neeko","Neeko","Нико","Neeko"
"Sylas","Sylas","Sylas","Сайлас","Sylas"
"Yuumi","Yuumi","Yuumi","Юми","Yuumi"
"Qiyana","Qiyana","Qiyana","Киана","Qiyana"
"Senna","Senna","Senna","Сенна","Senna"
"Aphelios","Aphelios","Aphelios","Афелий","Aphelios"
"Sett","Sett","Sett","Сетт","Sett"
"Lillia","Lillia","Lillia","Лиллия","Lillia"
"Yone","Yone","Yone","Ёнэ","Yone"
"Samira","Samira","Samira","Самира","Samira"
"Seraphine","Seraphine","Seraphine","Серафина","Seraphine"
"Rell","Rell","Rell","Релл","Rell"
"Viego","Viego","Viego","Виего","Viego"
"Gwen","Gwen","Gwen","Гвен","Gwen"
"Akshan","Akshan","Akshan","Акшан","Akshan"
"Vex","Vex","Vex","Векс","Vex"
"Zeri","Zeri","Zeri","Зери","Zeri"
"Renata Glasc","Renata Glasc","Renata Glasc","Рената Гласк","Renata Glasc"
"Bel'Veth","Bel'Veth","Bel'Veth","Бел'Вет","Bel'Veth"
"Nilah","Nilah","Nilah","Нила","Nilah"
"K'Sante","K'Sante","K'Sante","К'Санте","K'Sante"
"Milio","Milio","Milio","Милио","Milio"
"Naafiri","Naafiri","Naafiri","Наафири","Naafiri"
"Briar","Briar","Briar","Брайер","Briar"
"Hwei","Hwei","Hwei","Хвэй","Hwei"
"Smolder","Smolder","Smolder","Смолдер","Smolder"
"Aurora","Aurora","Aurora","Аврора","Aurora"
"Ambessa","Ambessa","Ambessa","Амбесса","Ambessa"
"Mel","Mel","Mel","Мел","Mel"
"Champion","Champion","Campione","Чемпион","Campeões"
"AI Champions","AI Champions","Campioni controllati dall’IA","ИИ-Чемпионы","Bots"
"AI Difficulty","AI Difficulty","Difficoltà dell'IA","Сложность ИИ","Dificuldade da IA"
"Newbie","Newbie","Novellino","Новичок","Iniciante"
"Intermediate","Intermediate","Intermedio","Средний","Intermediário"
"Advanced","Advanced","Avanzato","Продвинутый","Avançado"
"Skin","Skin","Skin","Скин","Skin"
"Skin {i}","Skin {i}","Skin {i}","Скин {i}","Skin {i}"
"Classic","Classic","Classica","Классический","Clássico"
"ARAM","ARAM","ARAM","ARAM","ARAM"
"ODIN","ODIN","ODIN","ODIN","ODIN"
"Tutorial","Tutorial","Tutorial","Обучение","Tutorial"
"Game Mode","Game Mode","Modalità di gioco","Игровой режим","Modo de Jogo"
"{wrapped_name}s Enabled","{wrapped_name}s Enabled","{wrapped_name} Abilitato/i","Включённые {wrapped_name}","{wrapped_name}s Enabled"
"Check {this_name}","Check {this_name}","Controlla {this_name}","Выберите {this_name}","Check {this_name}"
"{this_value_length} of {this_choices_length} checked","{this_value_length} of {this_choices_length} checked","{this_value_length} di {this_choices_length} controllato","{this_value_length} из {this_choices_length} выбрано","{this_value_length} of {this_choices_length} checked"
"Select {this_name}","Select {this_name}","Seleziona {this_name}","Выберите {this_name}","Select {this_name}"
"Test","Test","Test","Тест","Teste"
"Old Summoner's Rift","Old Summoner's Rift","Vecchia Landa dell'Evocatore","Старое Ущелье призывателей","Summoner's Rift Antigo"
"Old Summoner's Rift Autumn","Old Summoner's Rift Autumn","Vecchia Landa dell'Evocatore - Autunno","Старое Ущелье призывателей (Осень)","Summoner's Rift Antigo - Outono"
"Proving Grounds","Proving Grounds","Campi di Prova","Земли испытаний","Proving Grounds"
"Twisted Treeline","Twisted Treeline","Sentiero Tortuoso","Проклятый лес","Twisted Treeline (2009)"
"Unknown (5)","Unknown (5)","Sconosciuto (5)","Название неизвестно (5)","Desconhecido"
"Summoner's Rift Winter (2011)","Summoner's Rift Winter (2011)","Landa dell'Evocatore – Inverno (2011)","Ущелье призывателей (Зима 2011)","Summoner's Rift - Inverno (2011)"
"Summoner's Rift Winter (2009)","Summoner's Rift Winter (2009)","Landa dell'Evocatore – Inverno (2009)","Ущелье призывателей (Зима 2009)","Summoner's Rift - Inverno (2009)"
"Crystal Scar","Crystal Scar","Landa di Cristallo","Кристальный каньон","Crystal Scar"
"Dominion Test","Dominion Test","Dominion Test","Доминион (тест)","Dominion Teste"
"New Twisted Treeline","New Twisted Treeline","Nuovo Sentiero Tortuoso","Новый Проклятый лес","Twisted Treeline (2012)"
"New Summoner's Rift","New Summoner's Rift","Nuova Landa dell'Evocatore","Новое Ущелье призывателей","Summoner's Rift (2015)"
"Howling Abyss","Howling Abyss","Abisso Urlante","Воющая бездна","Howling Abyss"
"Magma Chamber","Magma Chamber","Camera di Magma","Магматическая камера","Magma Chamber"
"Butcher's Bridge","Butcher's Bridge","Ponte del Macellaio","Мост мясника","Ponte da Carnificina"
"Unknown (15)","Unknown (15)","Sconosciuto (15)","Название неизвестно (15)","Desconhecido (15)"
"Cosmic Ruins","Cosmic Ruins","Rovine Cosmiche","Космические руины","Ruínas Cósmicas"
"Unknown (17)","Unknown (17)","Sconociuto (17)","Название неизвестно (17)","Desconhecido (17)"
"Valoran City Park","Valoran City Park","Parco Cittadino di Valoran","Валоранский городской парк","Parque Municipal de Valoran"
"Substructure 43","Substructure 43","Sottostruttura 43","Субструктура 43","Subestrutura 43"
"Crash Site","Crash Site","Sito dell’Incidente","Место крушения","Local de acidente"
"Temple of Lily and Lotus","Temple of Lily and Lotus","Tempio del Giglio e del Loto","Храм лилий и лотосов","Templo do Lírio e do Lótus"
"Magma Chamber (recreated in Minecraft)","Magma Chamber (recreated in Minecraft)","Camera di Magma (ricreata in Minecraft)","Магматическая камера (воссоздана в Minecraft)","Magma Chamber (Recriado no Minecraft)"
"Arena: Rings of Wrath","Arena: Rings of Wrath","Arena: Anelli dell’Ira","Арена: Кольца Гнева","Arena"
"New Proving Grounds","New Proving Grounds","Nuovi Campi di Prova","Новые Земли испытаний","Novo Proving Grounds"
"The Bandlewood","The Bandlewood","La Foresta di Bandle","Бандловое древо","Bandópolis"
"Enter {this_name}","Enter {this_name}","Inserisci {this_name}","Введите {this_name}","Insira {this_name}"
"Heal","Heal","Cura","Исцеление","Curar"
"Ghost","Ghost","Fantasmi","Призрак","Fantasma"
"Barrier","Barrier","Barriera","Барьер","Barreira"
"Exhaust","Exhaust","Esaurimento","Изнурение","Exaustão"
"Mark","Mark","Marchio","Метка","Marca"
"Dash","Dash","Scatto","Рывок","Avanço"
"Clarity","Clarity","Chiarezza","Ясность","Clareza"
"Flash","Flash","Scatto lampo","Скачок","Flash"
"Teleport","Teleport","Teletrasporto","Телепорт","Teleporte"
"Smite","Smite","Colpo di Fato","Кара","Golpear"
"Cleanse","Cleanse","Purificazione","Очищение","Purificar"
"Ignite","Ignite","Accensione","Воспламенение","Incendiar"
"BattleCry","BattleCry","Grido di Battaglia","Боевой клич","Grito de Batalha"
"Boost","Boost","Potenzia","Улучшение","Clareza"
"Clairvoyance","Clairvoyance","Chiaroveggenza","Ясновидение","Clarividência"
"Dot","Dot","Danno nel tempo","Точка","Incendiar"
"Fortify","Fortify","Fortificazione","Укрепление","Fortificar"
"Haste","Haste","Frenesia","Спешка","Fantasma"
"Mana","Mana","Mana","Мана","Clareza"
"Rally","Rally","Raduno","Ралли","Revigorar"
"Revive","Revive","Rianimazione","Возрождение","Ressucitar"
"Promote","Promote","Promuovi","Повышение","Promover"
"OdinPromote","OdinPromote","Promuovi (Odin)","Повышение (ODIN)","Promover (Dominion)"
"OdinSabotage","OdinSabotage","Sabotaggio (Odin)","Саботаж (ODIN)","Sabotar (Dominion)"
"OdinGarrison","OdinGarrison","Guarnigione (Odin)","Гарнизон (ODIN)","Fortificar (Dominion)"
"PromoteSR","PromoteSR","Promuovi (Landa)","Повышение (УП)","Promover (SR)"
"Observer","Observer","Osservatore","Наблюдение","Observar"
"ReviveSpeedBoost","ReviveSpeedBoost","Rianima e Potenzia Velocità","Ускорение при возраждении","Aceleração do Renascimento"
"Summoner Spell","Summoner Spell","Incantesimo dell'Evocatore","Заклинание призывателя","Feitiço de Invocador"
"FISHBONES","FISHBONES","FISHBONES","СКЕЛЕТНИЦА","FISHBONES"
"Loading...","Loading...","Caricamento...","Загрузка...","Carregando…"
"Search for other players on the Internet","Search for other players on the Internet","Cerca altri giocatori su Internet","Искать других игроков в Интернете","Buscando por outros jogadores na internet"
"Check and download launcher updates","Check and download launcher updates","Controlla e scarica gli aggiornamenti del launcher","Проверять и скачивать обновления лаунчера","Checar e baixar atualizações do launcher"
"Install the additional levels package","Install the additional levels package","Installa il pacchetto di livelli aggiuntivi","Установить пакет с дополнительными уровнями","Instalar pacote adicional de mapas"
"Download files from","Download files from","Scarica file da","Скачивать файлы с","Baixar arquivos do"
"torrent + mega.nz","torrent + mega.nz","torrent + mega.nz","торрентов + mega.nz","torrent + mega.nz"
"torrent","torrent","torrent","торрентов","torrent"
"mega.nz","mega.nz","mega.nz","mega.nz","mega.nz"
"Download game server updates from","Download game server updates from","Scarica gli aggiornamenti del server di gioco da","Скачивать обновления игрового сервера от","Baixar atualizações do servidor do jogo de"
"repo","repo","repo","репозитория","Repositorio"
"PLAY","PLAY","GIOCA","ИГРАТЬ","Jogar"
"TEST","TEST","TESTA","ТЕСТИРОВАТЬ","Testar"
"Please wait for the text to appear","Please wait for the text to appear","Si prega di attendere che il testo venga visualizzato","Пожалуйста, дождитесь появления текста","Por favor, aguarde a próxima mensagem aparecer"
"WARNING","WARNING","ATTENZIONE","ПРЕДУПРЕЖДЕНИЕ","ALERTA"
"Cancel","Cancel","Cancella","Отменить","Cancelar"
"Copy","Copy","Copia","Копировать","Copiar"
"ERROR","ERROR","ERRORE","ОШИБКА","ERRO"
"Paste","Paste","Incolla","Вставить","Colar"
"Connect","Connect","Connettiti","Подключиться","Conectar"
"Password","Password","Password","Пароль","Senha"
"Manacosts","Manacosts","Costo mana","Стоимости","Custos de Mana"
"Cooldowns","Cooldowns","Tempo di recupero","Перезарядки","Cooldowns"
"Minions","Minions","Minion","Миньоны","Minions"
"Cheats","Cheats","Trucchi","Читы","Cheats"
"Game Name","Game Name","Nome della partita","Название игры","Nome do Jogo"
"Owner","Owner","Proprietario","Владелец","Líder"
"Ping","Ping","Ping","Пинг","Ping"
"Slots","Slots","Slot","Слоты","Slot"
"Mode","Mode","Modalità","Режим","Modo"
"Map","Map","Mappa","Карта","Mapa"
"CLASSIC","CLASSIC","CLASSICO","КЛАССИЧЕСКИЙ","CLÁSSICO"
"The commit (version) of the remote server does not match the commit (version) of your local server","The commit (version) of the remote server does not match the commit (version) of your local server","Il commit (versione) del server remoto non corrisponde al commit (versione) del tuo server locale","Коммит (версия) удаленного сервера не соответствует коммиту (версии) вашего локального сервера","A versão do servidor remoto não condiz com a versão do servidor local"
"Waiting for the servers to appear on the local network...","Waiting for the servers to appear on the local network...","In attesa che i server appaiano sulla rete locale...","Ждем, пока серверы появятся в локальной сети...","Aguardando servidores aparecerem na rede local…"
"Quit","Quit","Esci","Выйти","Sair"
"Host Game","Host Game","Ospita partita","Создать игру","Hospedar partida"
"Game Map","Game Map","Mappa di gioco","Игровая карта","Mapa do Jogo"
"Summoner's Rift","Summoner's Rift","Landa dell'Evocatore","Ущелье призывателей","Summoner's Rift"
"Game Mode","Game Mode","Modalita di gioco","Игровой режим","Modo de Jogo"
"Classic","Classic","Classico","Классический","Clássico"
"Game Type","Game Type","Tipo di partita","Тип игры","Tipo de Jogo"
"Blind Pick","Blind Pick","Selezione alla cieca","Выбор вслепую","Escolha às Cegas"
"Tick Rate","Tick Rate","Frequenza tick","Частота обновлений","Tick Rate"
"Team Size","Team Size","Dimensione della squadra","Размер команды","Tamanho da Equipe"
"Password (Optional)","Password (Optional)","Password (Opzionale)","Пароль (необязательно)","Senha (Opcional)"
"password","password","password","пароль","senha"
"Champions","Champions","Champions","Чемпионы","Campeões"
"Click to select","Click to select","Fare clic per selezionare","Нажмите для выбора","Clique para selecionar"
"Summoner Spells","Summoner Spells","Incantesimi dell'evocatore","Заклинания призывателя","Feitiços de Invocador"
"Features","Features","Caratteristiche","Опции","Configurações"
"Summoner's Name","Summoner's Name","Nome dell'evocatore","Имя призывателя","Nome de Invocador"
"Alistar","Alistar","Alistar","Алистар","Alistar"
"Annie","Annie","Annie","Энни","Annie"
"Ashe","Ashe","Ashe","Эш","Ashe"
"Newbie","Newbie","Novellino","Новичок","Iniciante"
"Intermediate","Intermediate","Intermedio","Средний","Intermediário"
"Advanced","Advanced","Avanzato","Продвинутый","Avançado"
"Join","Join","Unisciti","Присоединиться","Juntar-se"
"Add Bot","Add Bot","Aggiungi Bot","Добавить бота","Adicionar Bot"
"Autofill","Autofill","Riempimento automatico","Автозаполнение","Preenchimento Automático"
"Start Game","Start Game","Inizia partita","Начать игру","Iniciar partida"
"You cannot start the game until all players are fully connected (☑)","You cannot start the game until all players are fully connected (☑)","Non puoi iniziare la partita finché tutti i giocatori non sono completamente connessi (☑)","Вы не можете начать игру, пока все игроки не будут полностью подключены (☑)","Não é possível iniciar partida até que todos jogadores estejam conectados  (☑)"
"You cannot start the game until all players are fully connected and marked by ✅","You cannot start the game until all players are fully connected and marked by ✅","Non puoi iniziare la partita finché tutti i giocatori non sono completamente connessi e contrassegnati da ✅","Вы не можете начать игру, пока все игроки не будут полностью подключены и отмечены ✅","Não é possível iniciar partida até que todos jogadores estejam conectados e marcados com ✅"
"Offline","Offline","Offline","Не в сети","Offline"
"Edit Masteries","Edit Masteries","Modifica Maestrie","Править Таланты","Editar Talentos"
"Connections","Connections","Connessioni","Соединения","Conexões"
"Invite / Connect","Invite / Connect","Invita / Connettiti","Пригласить / Подключиться","Convidar / Conectar"
"No connections","No connections","Nessuna connessione","Нет соединений","Sem Conexões"
"Mastery Page 1","Mastery Page 1","Pagina Maestria 1","Страница Талантов 1","Pagina de Talentos 1"
"Lock In","Lock In","Conferma","Блокировать","Confirmar"
"Loading data...","Loading data...","Caricamento dati in corso…","Загрузка данных...","Carregando dados…"
"There are no merge requests for testing","There are no merge requests for testing","Non ci sono merge request da testare","Нет запросов на слияние доступных для тестирования","Não há merge requests para testar"
"Minor rework of character data.","Minor rework of character data.","Piccolo aggiornamento dei dati del personaggio.","Незначительная переработка данных персонажей.",
"!36 · created 20 hours ago by Jinx","!36 · created 20 hours ago by Jinx","!36 · creato 20 ore fa da Jinx","!36 · создано 20 часов назад пользователем Jinx",
"Don't change the branch","Don't change the branch","Non cambiare il ramo","Не менять ветку","Não mudar de branch"
"Play","Play","Gioca","Играть","Jogar"
"Delete","Delete","Elimina","Удалить","Deletar"
"Revert","Revert","Ripristina","Вернуть","Reverter"
"Save","Save","Salva","Сохранить","Salvar"
"Offense","Offense","Offense","Неистовство","Ataque"
"Points Available:","Points Available:","Punti Disponibili:","Доступные баллы:","Pontos Diponíveis:"
"Enter your message here","Enter your message here","Inserisci qui il tuo messaggio","Введите свое сообщение здесь","Digite sua mensagem aqui"
"Discord","Discord","Discord","Дискорд","Discord"
"New game found!","New game found!","Nuova partita trovata!","Найдена новая игра!","Nova partida encontrada!"
"Copy the text below and send it to players you trust so they can connect","Copy the text below and send it to players you trust so they can connect","Copia il testo qui sotto e invialo ai giocatori di cui ti fidi in modo che possano connettersi","Скопируйте текст ниже и отправьте его игрокам, которым вы доверяете, чтобы они могли подключиться","Copie o texto abaixo e envie para outros jogadores que você confia para ele conectarem"
"Paste the text you received from someone you trust and click connect","Paste the text you received from someone you trust and click connect","Incolla il testo che hai ricevuto da qualcuno di cui ti fidi e clicca su Connetti","Вставьте текст, полученный от человека, которому вы доверяете, и нажмите подключиться","Cole o texto que você recebeu de um jogador que você confia e clique em conectar"
"Continue","Continue","Continua","Продолжить","Continuar"
"{i}v{i}","{i}v{i}","{i}v{i}","{i} на {i}","{i}v{i}"
"{v} fps","{v} fps","{v} fps","{v} герц","{v} fps"
"Force the use of English, ignoring the system settings","Force the use of English, ignoring the system settings","Forza l'uso dell'Inglese, ignorando le impostazioni di sistema","Принудительно использовать английский, игнорируя настройки системы","Forçar o uso de Inglês, ignorando as configurações do sistema"
"Skins","Skins","Skin","Скины","Skins"
"Check Champions Enabled","Check champions to enable","Seleziona i campioni","Выберите чемпионов","Selecionar campeões"
"Check Summoner Spells Enabled","Check summoner spells to enable","Seleziona gli incantesimi dell'evocatore","Выберите заклинания призывателя","Selecione feitiços de invocador"
